token,Call/List/Call/keyword/Call/Name,ClassDef/FunctionDef/Assign/Call/keyword/Name,ClassDef/FunctionDef/Expr/Call/keyword/Name,ClassDef/FunctionDef/If/If/Assign/Name,ClassDef/FunctionDef/If/If/Call/Name,ClassDef/FunctionDef/If/Try/Assign/Name,ClassDef/FunctionDef/Return/Call/keyword/Name,ClassDef/FunctionDef/With/If/Compare/Name,ExceptHandler/Raise/Call/JoinedStr/FormattedValue/Name,FunctionDef/Assign/GeneratorExp/Call/Call/Name,FunctionDef/Call/List/Tuple/Call/Name,FunctionDef/For/If/UnaryOp/Call/Name,FunctionDef/Return/Call/Attribute/Call/Name,FunctionDef/Try/Expr/Call/keyword/Name,FunctionDef/While/Assign/Subscript/Call/Name,FunctionDef/With/Expr/Call/keyword/Name,If/If/Assign/Call/keyword/Name,If/If/Raise/Call/BinOp/Name,Module/AnnAssign/Name,Module/Assign/Call/Call/Name,Module/Assign/Call/Name,Module/Assign/List/Tuple/Call/Name,Module/Assign/Name,Module/Assign/Subscript/Name,Module/AsyncFunctionDef/Return/Name,Module/AsyncFunctionDef/With/withitem/Call/Name,Module/AsyncFunctionDef/arguments/arg,Module/ClassDef,Module/ClassDef/AnnAssign/Name,Module/ClassDef/Assign/Name,Module/ClassDef/FunctionDef,Module/ClassDef/FunctionDef/Assign/Dict/Name,Module/ClassDef/FunctionDef/If/BoolOp/Name,Module/ClassDef/FunctionDef/If/Call/Name,Module/ClassDef/FunctionDef/arguments/arg,Module/For/Assign/Call/Name,Module/FunctionDef,Module/FunctionDef/Assert/Compare/Name,Module/FunctionDef/Assign/Call/Call/Name,Module/FunctionDef/Assign/Call/Name,Module/FunctionDef/Assign/Call/keyword/Name,Module/FunctionDef/Assign/Name,Module/FunctionDef/ClassDef/FunctionDef/Assert/Name,Module/FunctionDef/ClassDef/FunctionDef/Return/Name,Module/FunctionDef/Expr/Call/Name,Module/FunctionDef/For/Assign/Call/Name,Module/FunctionDef/For/Assign/Name,Module/FunctionDef/FunctionDef,Module/FunctionDef/If/Assign/Call/Name,Module/FunctionDef/If/Compare/Name,Module/FunctionDef/If/Expr/Call/Name,Module/FunctionDef/Return/Name,Module/FunctionDef/Try/Assign/Name,Module/FunctionDef/arguments/arg,Module/FunctionDef/arguments/arg/BinOp/Name,Module/If/ClassDef/AnnAssign/Name,While/If/Assign/Call/keyword/Name,With/FunctionDef/Assign/JoinedStr/FormattedValue/Name,With/If/Try/Assign/Call/Name,arguments/arg/Subscript/Tuple/Call/Name
_validate_multiclass_probabilistic_prediction,0,0,0,0,0,0,0,0,0,0,0,0,0,0,0,0,0,0,0,0,0,0,0,0,0,0,0,0,0,0,0,0,0,0,0,0,1,0,0,2,0,0,0,0,0,0,0,0,2,0,0,0,0,0,0,0,0,0,0,0
LARGE_PAYLOAD,0,0,0,0,0,0,0,0,0,0,0,0,1,0,0,0,0,0,1,0,0,0,0,0,2,0,0,0,0,0,0,0,0,0,0,0,0,0,0,0,2,0,0,0,0,0,0,0,0,0,0,2,0,0,0,0,0,0,0,0
last_bin_idx,0,0,0,0,0,0,0,0,0,0,0,0,0,0,0,0,0,0,0,0,0,0,0,0,0,0,0,0,0,0,0,0,0,0,0,0,0,0,0,0,0,1,0,0,1,0,0,0,0,0,0,0,0,0,0,0,0,0,0,0
has_terminalreporter,0,0,0,0,0,0,0,0,0,0,0,0,0,0,0,0,0,0,0,0,0,0,0,0,0,0,0,0,0,0,0,0,0,0,0,0,0,0,0,0,0,0,1,1,0,0,0,0,0,0,0,0,0,1,0,0,0,0,0,0
for_partial_fit,0,0,0,0,0,0,0,0,0,0,0,0,0,0,0,0,0,0,0,0,0,0,0,0,0,0,0,0,0,0,0,0,1,0,1,0,0,0,0,0,0,0,0,0,0,0,0,0,0,0,0,0,0,0,0,0,0,0,0,0
broken_dep,0,0,0,0,0,0,0,0,0,0,0,0,0,0,0,0,0,0,0,0,0,0,0,0,0,0,0,0,0,0,0,0,0,0,0,0,1,0,0,0,0,0,0,0,0,0,0,0,0,0,0,0,0,0,0,0,0,0,0,1
_path_residuals,0,0,0,0,0,0,0,0,0,1,0,0,0,0,0,0,0,0,0,0,0,0,0,0,0,0,0,0,0,0,0,0,0,0,0,0,1,0,0,0,0,0,0,0,0,0,0,0,0,0,0,0,0,0,0,0,0,0,0,0
test_reconstruct_patches_perfect,0,0,0,0,0,0,0,0,0,0,0,0,0,0,0,0,0,0,0,0,0,0,0,0,0,0,0,0,0,0,0,0,0,0,0,0,1,0,0,0,0,0,0,0,0,0,0,0,0,0,0,0,0,0,0,0,0,0,0,0
_effective_low_priority_routes_version,0,0,0,0,0,0,0,0,0,0,0,0,0,0,0,0,0,0,0,0,0,0,0,0,0,0,0,0,1,0,0,0,0,0,0,0,0,0,0,0,0,0,0,0,0,0,0,0,0,0,0,0,0,0,0,0,0,0,0,0
timeout,0,1,1,1,1,1,3,1,1,0,0,0,0,3,1,1,2,0,0,0,0,0,0,0,0,1,1,0,0,3,0,1,0,1,13,0,0,1,0,0,1,2,0,0,0,0,0,0,0,1,1,0,1,2,0,1,1,1,1,0
target_filepath,0,0,0,0,0,0,0,0,0,0,0,1,0,0,0,0,0,1,0,0,0,0,0,0,0,0,0,0,0,0,0,0,0,0,0,0,0,0,0,0,0,0,0,0,0,0,1,0,0,0,0,0,0,0,0,0,0,0,0,0
NaiveSplitter,0,0,0,0,0,0,0,0,0,0,0,0,0,0,0,0,0,0,0,0,0,0,0,0,0,0,0,1,0,0,0,0,0,0,0,0,0,0,0,0,0,0,0,0,0,1,0,0,0,0,0,0,0,0,0,0,0,0,0,0
ModuleSpec,0,0,0,0,0,0,0,0,0,0,0,0,0,0,0,0,0,0,0,0,0,0,0,0,0,0,0,0,0,0,0,0,0,0,0,0,0,0,0,0,0,0,0,0,0,0,0,0,0,0,0,0,0,0,1,0,0,0,0,0
_get_transformer_list,0,0,0,0,0,0,0,0,0,0,0,0,0,0,0,0,0,0,0,0,0,0,0,0,0,0,0,0,0,0,0,0,0,0,0,0,1,0,0,1,0,0,0,0,0,0,0,0,0,0,0,0,0,0,0,0,0,0,0,0
finish1,0,0,0,0,0,0,0,0,0,0,0,0,0,0,0,0,0,0,0,0,0,0,0,0,0,0,0,0,0,0,0,0,0,0,0,0,0,0,0,0,0,0,0,0,0,0,0,1,0,0,0,0,0,0,0,0,0,0,0,0
get_exconly,0,0,0,0,0,0,0,0,0,0,0,0,0,0,0,0,0,0,0,0,0,0,0,0,0,0,0,0,0,0,1,0,0,0,0,0,0,0,0,0,0,0,0,0,0,0,0,0,0,0,0,0,0,0,0,0,0,0,0,0
test_mds_recovers_true_data,0,0,0,0,0,0,0,0,0,0,0,0,0,0,0,0,0,0,0,0,0,0,0,0,0,0,0,0,0,0,0,0,0,0,0,0,1,0,0,0,0,0,0,0,0,0,0,0,0,0,0,0,0,0,0,0,0,0,0,0
unlabeled_set,0,0,0,0,0,0,0,0,0,0,0,0,0,0,0,0,0,0,0,0,0,0,1,3,0,0,0,0,0,0,0,0,0,0,0,0,0,0,0,0,0,0,0,0,0,0,0,0,0,0,0,0,0,0,0,0,0,0,0,0
LocalOutlierFactor,2,0,0,0,0,0,0,0,0,0,1,0,0,0,0,0,0,0,0,1,4,1,0,0,0,0,0,1,0,0,0,0,0,0,0,1,0,0,2,4,0,0,0,0,0,0,0,0,1,0,0,0,0,0,0,0,0,0,0,0
test_should_do_markup_FORCE_COLOR,0,0,0,0,0,0,0,0,0,0,0,0,0,0,0,0,0,0,0,0,0,0,0,0,0,0,0,0,0,0,0,0,0,0,0,0,1,0,0,0,0,0,0,0,0,0,0,0,0,0,0,0,0,0,0,0,0,0,0,0
