token,context_0,context_1,context_2,context_3,context_4,context_5,context_6,context_7,context_8,context_9,context_10,context_11,context_12,context_13,context_14,context_15,context_16,context_17,context_18,context_19,context_20,context_21,context_22,context_23,context_24,context_25,context_26,context_27,context_28,context_29,context_30,context_31,context_32,context_33,context_34,context_35,context_36,context_37,context_38,context_39,context_40,context_41,context_42,context_43,context_44,context_45,context_46,context_47,context_48,context_49,context_50,context_51,context_52,context_53,context_54,context_55,context_56,context_57,context_58,context_59,context_60,context_61,context_62,context_63,context_64,context_65,context_66,context_67,context_68,context_69,context_70,context_71,context_72,context_73,context_74,context_75,context_76,context_77,context_78,context_79,context_80,context_81,context_82,context_83,context_84,context_85,context_86,context_87,context_88,context_89,context_90,context_91,context_92,context_93,context_94,context_95,context_96,context_97,context_98,context_99,context_100,context_101,context_102,context_103,context_104,context_105,context_106,context_107,context_108,context_109,context_110,context_111,context_112,context_113,context_114,context_115,context_116,context_117,context_118,context_119,context_120,context_121,context_122,context_123,context_124,context_125,context_126,context_127,context_128,context_129,context_130,context_131,context_132,context_133,context_134,context_135,context_136,context_137,context_138,context_139,context_140,context_141,context_142,context_143,context_144,context_145,context_146,context_147,context_148,context_149,context_150,context_151,context_152,context_153,context_154,context_155,context_156,context_157,context_158,context_159,context_160,context_161,context_162,context_163,context_164,context_165,context_166,context_167,context_168,context_169,context_170,context_171,context_172,context_173,context_174,context_175,context_176,context_177,context_178,context_179,context_180,context_181,context_182,context_183,context_184,context_185,context_186,context_187,context_188,context_189,context_190,context_191,context_192,context_193,context_194,context_195,context_196,context_197,context_198,context_199,context_200,context_201,context_202,context_203,context_204,context_205,context_206,context_207,context_208,context_209,context_210,context_211,context_212,context_213,context_214,context_215,context_216,context_217,context_218,context_219,context_220,context_221,context_222,context_223,context_224,context_225,context_226,context_227,context_228,context_229,context_230,context_231,context_232,context_233,context_234,context_235,context_236,context_237,context_238,context_239,context_240,context_241,context_242,context_243,context_244,context_245,context_246,context_247,context_248,context_249,context_250,context_251,context_252,context_253,context_254,context_255,context_256,context_257,context_258,context_259,context_260,context_261,context_262,context_263,context_264,context_265,context_266,context_267,context_268,context_269,context_270,context_271,context_272,context_273,context_274,context_275,context_276,context_277,context_278,context_279,context_280,context_281,context_282,context_283,context_284,context_285,context_286,context_287,context_288,context_289,context_290,context_291,context_292,context_293,context_294,context_295,context_296,context_297,context_298,context_299,context_300,context_301,context_302,context_303,context_304,context_305,context_306,context_307,context_308,context_309,context_310,context_311,context_312,context_313,context_314,context_315,context_316,context_317,context_318,context_319,context_320,context_321,context_322,context_323,context_324,context_325,context_326,context_327,context_328,context_329,context_330,context_331,context_332,context_333,context_334,context_335,context_336,context_337,context_338,context_339,context_340,context_341,context_342,context_343,context_344,context_345,context_346,context_347,context_348,context_349,context_350,context_351,context_352,context_353,context_354,context_355,context_356,context_357,context_358,context_359,context_360,context_361,context_362,context_363,context_364,context_365,context_366,context_367,context_368,context_369,context_370,context_371,context_372,context_373,context_374,context_375,context_376,context_377,context_378,context_379,context_380,context_381,context_382,context_383,context_384,context_385,context_386,context_387,context_388,context_389,context_390,context_391,context_392,context_393,context_394,context_395,context_396,context_397,context_398,context_399,context_400,context_401,context_402,context_403,context_404,context_405,context_406,context_407,context_408,context_409,context_410,context_411,context_412,context_413,context_414,context_415,context_416,context_417,context_418,context_419,context_420,context_421,context_422,context_423,context_424,context_425,context_426,context_427,context_428,context_429,context_430,context_431,context_432,context_433,context_434,context_435,context_436,context_437,context_438,context_439,context_440,context_441,context_442,context_443,context_444,context_445,context_446,context_447,context_448,context_449,context_450,context_451,context_452,context_453,context_454,context_455,context_456,context_457,context_458,context_459,context_460,context_461,context_462,context_463,context_464,context_465,context_466,context_467,context_468,context_469,context_470,context_471,context_472,context_473,context_474,context_475,context_476,context_477,context_478,context_479,context_480,context_481,context_482,context_483,context_484,context_485,context_486,context_487,context_488,context_489,context_490,context_491,context_492,context_493,context_494,context_495,context_496,context_497,context_498,context_499
coef,52,396,245,217,189,372,157,83,135,52,7,39,6,22,29,5,9,10,0,121,86,7,33,6,18,25,8,2,7,34,12,9,27,13,6,0,12,0,24,31,1,12,0,4,58,20,4,14,77,3,42,2,4,6,3,1,5,0,4,4,1,0,5,3,0,1,0,2,0,0,1,36,0,1,1,0,4,17,8,0,0,0,0,33,1,1,2,0,0,1,1,1,5,0,1,0,1,0,1,3,0,0,1,0,7,1,0,0,0,0,0,4,0,5,1,5,1,0,5,2,0,12,0,0,0,2,0,0,0,5,1,0,0,0,0,1,0,1,0,0,1,0,0,0,1,3,0,2,0,14,0,0,0,0,0,0,0,0,2,0,0,2,0,0,0,1,0,0,0,0,0,0,0,16,0,8,0,0,1,1,4,0,0,0,0,1,0,5,1,0,0,1,0,0,0,0,0,0,0,0,3,1,0,0,0,0,0,13,8,0,0,2,0,5,0,0,0,0,0,0,3,1,5,7,0,0,0,0,0,0,4,0,0,4,16,1,0,4,0,0,7,0,1,0,5,1,0,9,1,0,0,0,1,0,2,0,7,0,3,0,0,2,1,0,0,4,0,0,1,0,0,2,2,1,2,0,0,0,0,0,0,0,1,0,0,0,0,0,0,0,5,1,0,1,0,0,0,0,0,0,0,0,0,0,0,6,0,0,0,0,0,0,8,0,50,0,0,1,0,0,0,0,1,0,0,0,0,0,0,0,0,0,0,0,3,0,1,0,0,0,2,0,4,3,0,1,0,0,5,0,0,0,0,0,0,0,0,0,0,0,0,0,0,0,0,0,0,0,0,1,0,0,0,0,112,0,2,0,0,0,0,0,0,0,0,0,0,0,0,0,0,0,0,0,0,0,0,0,0,0,0,0,0,0,1,0,1,0,0,0,0,2,0,0,0,0,0,0,0,0,0,0,0,1,0,0,0,0,0,0,0,0,0,3,0,0,0,0,0,0,1,0,0,0,0,0,1,0,0,0,0,0,0,0,0,0,0,0,0,0,0,23,3,2,0,0,0,0,0,0,0,0,9,0,0,0,0,0,0,0,0,0,0,0,0,3,0,0,0,0,1,0,0,0,0,0,0,0,0,0
on,179,209,305,135,87,30,93,191,30,1,444,498,1876,14,27,4,23,36,15,6,96,7,142,3,65,22,223,178,27,9,6,41,25,46,472,11,37,9,178,17,5,7,55,84,1,5,31,24,22,126,0,0,190,77,61,0,26,1,4,29,3,4,11,33,9,30,12,16,4,1,1,2,15,59,86,4,7,4,1,18,0,5,1,2,13,17,11,6,0,3,18,14,1,7,47,1,87,1,2,47,125,21,53,118,0,1,0,4,2,75,13,1,11,77,15,27,2,27,22,2,38,1,0,39,4,25,44,0,0,37,2,19,0,12,30,63,12,0,7,0,71,4,1,13,59,18,83,6,0,3,29,0,29,1,100,2,0,3,26,4,23,3,7,1,3,16,50,7,5,22,0,7,1,4,1,15,54,1,47,23,0,32,2,7,3,1,11,7,48,46,0,0,2,4,37,16,7,2,15,36,0,24,0,16,16,0,1,7,6,0,18,2,0,0,0,0,10,6,2,3,0,16,4,0,7,6,2,8,6,7,0,8,0,16,31,5,0,0,8,15,0,20,3,11,2,72,0,1,0,19,1,3,17,5,19,3,10,3,0,4,4,8,0,3,2,12,31,50,9,0,0,6,14,1,0,0,0,8,0,7,1,0,31,3,0,0,1,7,25,12,18,2,0,33,6,0,2,10,37,3,24,12,22,0,0,0,27,0,6,2,4,0,0,0,1,7,1,0,0,6,114,1,39,18,9,30,14,26,8,40,5,1,0,10,42,19,0,1,0,4,18,1,0,40,0,8,0,0,0,1,7,37,0,0,0,12,3,3,0,0,2,1,1,1,0,0,7,4,9,0,22,4,3,2,1,11,1,7,21,0,11,7,44,5,5,11,5,0,0,46,4,12,3,1,2,0,4,15,5,2,1,0,7,3,32,0,11,8,5,2,0,10,2,5,13,0,0,1,2,25,1,1,0,5,10,1,11,0,2,2,6,1,0,1,2,1,4,1,0,18,2,4,1,12,0,1,0,0,16,26,0,12,0,0,3,7,0,2,0,0,0,1,0,28,41,0,1,3,4,1,6,5,0,5,428,0,0,21,10,6,0,3,0,0,0,0,5,27,0,10,0,0,0,0,2,8,2,0,0,13
if,3714,1083,5596,8357,3952,1013,4903,339,438,1222,1340,540,1040,422,461,1605,116,255,452,1919,428,0,64,774,229,110,2800,249,609,182,7,41,20,217,230,129,108,24,343,272,19,270,25,1789,12,345,33,62,75,160,111,46,133,33,115,3,0,12,200,60,102,89,52,23,11,118,320,53,51,3,26,5,24,130,135,341,123,150,37,24,33,209,11,565,124,129,88,31,77,28,25,65,302,4,166,0,93,1,25,283,71,26,47,138,178,12,1,31,19,61,48,2,50,21,13,11,44,0,120,77,43,11,316,77,5,100,95,0,21,55,15,17,22,24,32,135,48,77,47,5,28,54,46,24,214,18,129,43,10,7,13,0,9,63,16,5,6,1,126,14,16,7,32,4,20,20,7,112,88,49,5,13,1,6,30,38,6,16,27,28,1,70,27,26,54,10,59,85,26,59,0,16,0,10,119,13,18,929,55,74,0,36,1,23,39,1,10,31,20,12,30,1,0,26,2,0,145,3,27,2,19,72,123,70,15,8,0,6,23,27,16,3,0,53,63,4,0,27,12,21,44,8,45,7,244,15,0,21,3,25,2,51,11,15,7,47,27,17,1,19,87,2,8,26,41,34,25,11,82,16,16,28,4,95,34,0,0,28,2,29,1,0,33,2,7,7,10,26,5,12,65,88,14,2,33,0,5,0,40,19,8,10,0,0,63,0,15,2,1,63,30,5,0,7,13,53,3,31,23,110,11,0,27,25,32,38,2,122,17,5,29,14,4,14,3,32,0,48,4,1,30,1,33,10,0,34,51,4,104,12,19,27,3,2,104,5,10,9,31,6,32,0,16,0,3,3,13,30,20,39,35,19,17,472,27,18,1,31,14,1,29,0,15,19,13,4,16,0,21,5,21,4,10,0,8,42,23,16,23,9,2,0,24,43,10,85,30,7,34,9,0,37,41,1,6,1,11,12,0,6,30,44,0,5,1,2,6,0,22,15,4,11,1,20,3,55,33,0,2,25,12,8,2,17,15,15,21,0,9,8,15,10,1,1,5,12,98,7,30,3,0,0,4,16,5,4,2,5,77,2,5,7,19,36,1,17,7,5,22,18,3,5,0,16,7,1,1,13,0,26,26,0,2,30,14,4,5,0,23,13
integer,718,244,122,60,17,3,357,71,2,3,26,34,27,4,2,4,17,0,213,0,1,1,25,16,46,6,26,54,8,20,0,18,4,0,41,0,2,3,15,0,0,1,27,9,0,0,0,28,1,15,1,0,21,0,5,0,6,0,0,52,1,1,0,4,0,37,0,8,3,0,2,0,0,0,7,4,1,11,0,0,1,0,0,0,0,0,0,0,1,0,6,3,1,0,9,0,0,0,0,2,5,3,8,120,1,0,0,0,1,4,0,0,0,1,4,2,0,10,0,0,4,0,0,3,0,0,0,11,1,1,0,0,0,1,0,0,1,0,0,0,2,0,0,0,3,2,0,1,0,0,2,0,0,0,0,0,0,0,0,6,0,1,8,0,1,0,0,0,1,0,0,0,0,0,1,0,7,0,0,2,0,2,0,0,0,0,14,0,7,8,0,0,0,0,3,0,2,0,0,2,0,1,0,2,5,1,0,0,0,0,0,0,0,0,0,0,4,0,0,0,0,0,0,0,0,0,0,2,1,1,3,0,0,6,0,0,0,3,0,0,0,2,5,0,0,0,0,0,0,0,5,0,5,0,0,0,0,0,0,7,2,3,0,0,0,0,0,4,0,1,0,1,4,0,0,0,0,0,0,0,0,0,0,0,0,0,0,5,16,1,0,0,0,1,21,0,0,0,0,0,6,0,0,0,0,1,0,0,0,0,0,0,0,0,0,0,0,1,1,0,0,0,0,0,0,3,0,1,0,0,0,0,1,1,1,0,0,0,0,0,0,0,0,0,0,0,0,0,0,0,1,0,0,0,0,1,0,0,0,0,1,0,0,0,0,0,0,0,0,0,0,0,0,0,0,0,0,0,0,0,15,0,0,1,3,0,0,0,0,0,0,0,0,0,0,0,0,0,0,0,0,0,2,0,0,1,0,1,0,3,0,0,0,0,0,0,0,0,0,0,0,0,0,0,0,0,0,0,0,0,2,4,0,0,0,0,0,0,0,4,0,1,0,2,0,0,0,0,0,0,0,0,0,0,1,0,0,0,0,0,0,0,0,0,0,0,4,1,0,0,2,0,0,0,1,0,0,0,0,2,0,0,0,0,0,0,0,0,0,0,0,0,0,0,0,0,0,0,0,0
score,502,287,741,361,662,246,199,216,48,75,183,96,341,76,39,36,16,59,19,70,247,71,114,12,30,8,137,55,61,15,57,59,27,30,94,1,40,3,97,22,10,20,36,42,3,0,2,3,3,21,17,2,7,15,27,2,70,0,1,10,3,0,2,2,7,14,17,6,6,0,9,0,17,23,11,1,10,0,2,0,0,19,0,12,1,0,1,2,2,1,47,11,2,1,16,0,8,0,0,4,26,17,7,19,3,0,0,0,0,7,0,109,0,13,4,24,1,12,0,0,0,2,0,6,7,26,12,0,0,0,3,0,0,8,22,0,0,0,5,1,0,0,0,0,0,7,2,1,0,1,1,0,5,0,26,1,0,0,0,0,1,0,48,1,1,0,0,10,0,0,0,0,0,5,0,2,12,2,8,13,8,5,1,0,0,1,3,0,0,1,0,0,5,8,4,0,9,9,1,13,4,8,0,1,0,3,2,1,0,0,0,0,0,1,0,0,1,19,4,0,1,0,0,1,6,0,0,0,3,2,10,0,0,3,11,0,0,13,0,1,1,53,5,0,1,14,0,0,3,0,4,1,2,0,38,4,2,108,0,0,2,0,0,3,0,0,0,0,0,0,0,2,9,0,0,0,0,0,0,0,16,0,2,0,0,0,0,0,2,1,8,2,0,0,3,0,0,0,0,1,1,0,16,0,0,1,1,0,5,6,4,0,5,0,1,0,0,1,1,0,9,0,1,0,0,2,3,0,0,6,2,0,2,0,5,5,0,0,0,0,2,0,0,6,0,1,1,0,0,0,0,0,1,0,0,4,6,0,3,0,0,2,13,0,3,0,0,0,0,8,1,1,0,1,1,0,0,0,0,0,1,0,2,0,1,0,0,0,0,3,2,2,1,0,0,0,1,21,0,0,0,0,1,0,3,2,0,0,0,14,7,4,2,0,0,0,0,0,0,9,3,0,0,1,0,0,0,0,0,0,0,0,0,0,3,3,0,0,0,0,0,0,0,0,0,2,0,0,5,0,0,2,0,0,0,0,10,0,0,0,0,0,0,8,4,0,0,0,0,0,1,0,0,0,1,0,0,0,0,0,0,0,0,0,0,0,0,5,0,0,0,0,0,0,0,2,3,0,0,0
samples,410,283,680,166,110,150,59,92,16,20,268,140,504,18,21,16,66,32,25,4,55,0,953,8,63,9,54,170,205,7,4,165,16,16,46,4,22,57,240,42,3,0,87,15,0,3,8,5,0,31,9,0,9,8,57,3,151,2,0,34,21,0,2,23,7,47,0,0,0,0,2,2,24,3,129,7,13,0,7,0,0,3,0,1,2,1,7,2,1,1,23,5,6,3,1,0,4,0,18,3,40,30,2,9,0,0,0,1,3,2,0,2,0,0,13,17,7,41,6,2,523,5,7,90,11,1,51,1,0,0,2,2,0,6,2,0,0,0,9,1,17,2,1,4,9,5,0,1,0,0,8,1,0,0,67,0,0,0,5,0,8,3,0,1,6,5,26,2,0,0,0,11,0,0,1,6,19,0,1,13,9,35,38,0,0,10,11,1,3,162,0,0,0,37,2,1,8,0,4,18,0,7,0,0,1,2,2,1,8,0,0,0,0,0,0,0,1,0,28,0,0,0,4,0,0,1,0,0,0,1,37,0,0,0,2,0,0,1,1,0,3,2,8,0,0,3,0,0,0,0,5,0,8,0,1,0,5,0,0,0,1,4,1,0,0,1,0,0,0,0,0,0,37,0,0,0,0,0,0,0,1,0,0,0,0,0,0,0,13,1,2,0,2,0,2,0,0,5,3,0,2,0,0,0,0,0,0,0,7,0,2,0,0,1,0,9,2,0,0,0,128,0,4,0,0,14,0,1,0,3,1,0,19,0,4,2,0,0,0,4,7,0,0,0,0,7,0,0,0,0,0,0,2,0,0,35,0,0,0,0,3,11,35,0,8,0,20,0,0,0,0,3,0,0,0,0,0,0,9,0,16,0,10,0,3,0,2,0,0,6,1,1,1,0,0,0,0,3,0,0,0,0,2,0,5,0,2,0,0,0,2,0,0,0,21,0,0,0,0,9,0,0,0,0,0,5,4,0,0,0,0,0,0,5,0,0,0,0,0,0,0,0,0,0,2,0,1,61,0,20,0,0,0,0,2,0,0,0,0,0,0,0,0,0,2,0,1,0,0,0,0,1,0,0,1,0,1,0,0,0,0,0,0,0,0,0,1,3,0,2,5,0,0,0,0,1,0,0,1,0
py,1359,184,2744,569,65,11,1378,44,9,40,383,52,10,0,11,1,75,14,8,0,2,3,5,1,38,218,9,10,23,0,16,66,10,117,25,6,16,24,12,3,6,1,8,6,5,0,24,0,0,1,6,0,1,0,2,10,1,0,0,0,0,0,6,72,24,5,0,2,0,7,2,3,1,4,3,13,0,0,0,8,0,8,0,1,19,24,0,2,0,16,0,3,0,0,2,0,0,0,4,1,24,2,2,1,0,0,0,0,2,0,2,0,0,0,1,3,0,0,1,0,1,1,2,2,3,0,0,3,5,2,0,1,0,0,1,0,0,0,0,0,0,0,0,0,0,3,4,0,0,5,0,0,0,0,0,0,0,0,0,0,0,5,0,2,1,2,2,0,1,0,0,3,0,0,20,1,0,0,0,0,4,0,0,0,0,0,0,0,0,0,0,0,0,2,0,0,2,0,0,0,0,0,0,0,0,0,8,0,4,5,0,0,1,0,0,0,0,1,1,0,7,0,0,0,0,0,0,0,0,0,1,0,27,0,0,0,0,0,1,0,0,0,1,0,0,1,0,0,0,0,1,0,1,0,0,0,0,0,282,5,0,0,5,0,0,0,5,0,2,0,0,0,1,0,18,0,0,36,0,1,0,0,0,0,0,0,0,0,0,0,0,1,0,0,0,0,0,2,0,0,0,1,0,0,1,0,0,0,1,0,0,0,0,0,0,0,7,1,0,1,0,0,1,0,0,1,0,0,1,0,0,0,2,2,1,0,0,0,0,4,0,0,0,0,0,2,0,0,0,0,0,0,1,0,0,0,0,0,0,0,0,0,0,0,0,0,0,1,1,2,2,0,0,0,0,6,0,0,1,0,0,0,1,0,0,0,2,0,0,0,0,1,0,8,0,0,4,0,0,0,0,0,0,0,0,0,0,0,0,0,0,0,0,0,0,0,25,0,0,0,0,0,0,0,0,0,0,0,0,0,0,0,5,1,0,0,0,0,0,0,0,0,0,0,0,0,0,0,0,2,0,0,5,0,0,0,1,0,4,0,0,0,0,0,0,0,1,0,3,0,0,0,0,0,0,0,0,0,0,0,0,0,0,0,0,0,0,1,0,0,0,0,0,0,0,0,0,0,0,0
title,7171,1038,268,130,366,244,3461,25,24,26,6,19,16,1,2,0,13,2611,34,11,4,2,3,24,6,4,3,2,16,0,0,12,12,41,3,0,0,1,2,1,0,1,0,6,0,4,0,0,0,1,14,52,0,0,0,0,2,0,1,1,0,0,0,0,4,1,12,0,0,0,21,0,7,1,0,1,0,0,0,8,0,42,0,1,0,2,0,0,0,0,1,1,0,0,0,0,1,0,0,0,2,1,0,0,0,78,0,0,0,27,0,2,0,4,0,0,0,0,0,0,1,0,5,0,0,1,0,0,0,0,1,0,0,0,0,0,0,0,0,229,0,0,0,0,1,0,2,0,0,1,0,0,0,0,1,4,15,0,1,0,0,0,0,0,3,0,0,0,0,2,0,5,5,0,0,0,0,0,0,2,0,0,1,0,0,0,1,0,0,0,0,0,0,1,0,1,0,0,0,0,0,0,2,0,0,0,0,6,0,0,0,6,0,10,0,0,0,0,0,0,0,0,0,0,0,0,0,0,0,1,0,0,0,0,0,0,0,1,0,0,0,0,0,0,0,0,0,0,0,0,0,0,0,0,0,0,0,0,0,3,0,1,0,0,0,0,0,0,0,0,2,0,0,2,0,0,0,0,10,4,0,0,1,0,0,0,0,0,0,0,0,0,1,2,0,0,0,0,0,0,0,0,0,0,0,0,0,15,0,0,0,0,0,0,0,0,0,0,0,0,0,0,0,0,0,0,0,0,0,0,0,0,0,3,0,0,0,0,0,2,0,0,0,0,0,0,0,2,0,0,1,0,0,0,0,0,1,0,0,1,0,0,0,0,0,0,0,2,0,0,0,0,0,0,1,0,0,0,0,0,0,0,0,0,0,0,2,0,0,0,0,0,0,1,0,0,0,0,0,0,0,0,0,0,0,2,0,0,0,0,0,0,0,0,0,0,0,0,0,0,0,0,0,0,0,1,0,0,3,0,0,0,0,0,0,0,0,0,0,0,0,0,0,0,0,0,0,0,0,1,0,0,0,1,1,0,0,0,1,1,0,0,0,0,0,0,0,0,0,0,0,0,0,0,1,0,0,0,0,1,0,0,0,0,0,0,0,0,0,0,0,0,0,0,0,0,0,0,0,0
id,757,351,136,106,120,320,238,105,36,67,12,8,19,3,7,22,22,105,64,40,2,9,11,20,8,1,15,7,15,0,10,16,22,7,7,0,7,2,7,0,2,9,6,14,4,4,1,0,0,2,4,31,4,0,1,0,4,0,2,0,0,0,0,1,0,5,5,2,0,0,2,0,0,6,0,0,0,0,0,2,15,9,0,3,15,3,0,4,3,1,2,3,0,1,0,0,1,1,1,0,1,1,1,3,0,3,0,0,3,2,0,6,8,0,1,0,0,2,0,5,1,0,0,0,0,0,0,0,0,0,4,0,3,0,37,0,0,0,0,0,0,0,0,0,0,0,0,0,0,1,0,0,0,6,1,2,0,0,0,0,0,0,0,0,0,0,0,0,1,0,0,8,0,0,0,0,0,0,0,2,0,0,0,0,0,0,1,0,0,0,0,0,0,1,0,0,1,1,0,0,0,0,0,0,3,0,2,0,1,0,1,0,0,0,0,0,0,0,0,0,0,0,0,0,0,0,0,0,0,0,0,0,0,0,0,0,0,0,0,0,0,0,0,0,4,0,0,0,1,0,0,25,0,0,0,0,0,0,0,1,0,1,0,0,0,0,0,2,0,0,0,1,0,3,2,0,0,0,3,0,0,0,0,0,0,0,0,1,0,1,0,0,0,0,0,0,0,0,0,0,0,0,0,0,0,0,0,0,0,0,2,0,0,3,0,8,0,1,2,0,0,0,0,0,0,1,0,0,0,0,0,0,0,0,0,0,0,1,1,0,1,0,0,0,0,0,0,4,0,0,0,0,0,0,0,0,0,0,1,0,0,0,0,0,0,0,0,0,0,5,0,0,0,0,0,0,0,0,1,0,1,1,0,0,0,0,9,0,3,0,0,0,0,0,0,0,0,0,0,0,0,0,0,1,0,0,0,0,1,0,0,0,0,0,0,0,0,0,0,0,0,0,0,0,0,0,0,0,12,0,0,0,0,0,0,1,3,0,0,0,0,0,0,0,0,0,0,0,0,0,0,0,5,0,0,0,0,0,0,0,0,0,0,0,0,0,0,0,0,0,0,0,0,13,0,0,0,0,1,0,0,0,0,0,0,0,0,0,0,0,0,0,0,0,0,0,0,2,0,0
x,1179,1560,828,1407,2209,1034,1037,505,529,197,283,109,40,182,174,136,180,156,74,97,53,69,25,40,81,277,55,29,331,84,158,377,124,74,37,6,96,4,58,473,10,136,13,37,44,8,66,27,60,3,164,46,9,34,2,137,4,0,9,13,4,0,24,4,24,15,33,19,0,5,78,63,31,0,4,68,67,109,1,0,23,38,3,21,396,7,2,10,10,17,13,27,5,2,37,0,3,0,16,0,12,4,23,1,68,0,1,12,10,24,2,1,19,7,2,9,14,5,2,6,0,23,27,10,1,3,0,1,28,22,5,0,18,0,1,3,2,5,1,0,1,1,1,0,0,0,5,5,19,1,0,0,7,3,5,14,0,0,68,0,2,5,8,12,36,0,1,6,4,14,0,3,0,3,3,17,3,0,1,0,2,0,0,3,2,9,1,21,3,9,0,0,0,33,0,9,1,57,2,2,9,0,0,5,0,8,35,27,10,1,0,0,0,1,0,5,20,6,0,0,11,22,2,0,1,0,0,1,7,5,1,0,3,7,3,29,0,0,0,4,20,0,1,79,10,0,0,9,6,1,0,4,1,1,8,0,2,0,2,34,0,7,1,0,0,15,0,0,4,0,0,2,0,7,30,0,1,0,1,25,4,0,3,0,0,1,0,0,0,4,0,8,21,0,7,0,17,7,3,21,0,3,0,0,4,8,1,0,2,1,0,0,3,23,4,2,6,4,4,1,0,0,0,0,0,1,0,8,3,0,0,0,2,0,28,2,15,2,1,0,1,0,17,0,0,1,4,0,0,3,1,0,5,0,8,0,2,1,15,0,146,0,3,0,0,1,0,5,0,16,2,10,52,14,1,0,7,0,1,0,3,0,0,2,1,0,15,0,0,0,0,0,0,5,1,0,0,2,0,0,0,0,0,0,1,10,0,1,0,0,0,0,1,0,0,20,2,1,0,0,0,0,2,0,0,1,0,0,15,0,0,0,2,0,0,1,3,1,0,3,1,0,0,1,0,15,3,0,1,1,2,0,5,0,3,0,3,0,4,0,0,20,0,1,0,1,0,1,0,0,0,1,8,1,1,3,5,0,0,3,0,0,0,0,0,0,0,0,0,0,1,0,0,0,0,0,0,2,0,4
zeros,60,47,795,29,1072,29,9,11,15,7,3,16,15,4,14,2,0,1,3,19,60,2,19,0,10,2,0,9,13,720,2,10,8,0,1,0,8,3,21,9,0,2,31,3,0,0,10,7,61,6,1,0,2,0,4,0,0,0,0,12,31,0,7,0,0,0,0,0,0,0,0,0,1,1,10,2,3,0,0,0,0,0,0,0,1,0,51,2,0,3,2,1,0,0,0,0,1,0,18,0,0,3,2,0,38,0,0,0,0,1,0,0,0,1,0,1,2,0,2,1,2,1,28,23,1,1,0,0,0,1,2,0,0,0,0,0,0,0,2,1,0,1,0,0,4,0,0,0,0,0,0,1,1,0,3,0,0,0,0,0,0,2,0,0,2,0,1,0,0,0,0,0,0,0,0,0,0,0,0,0,1,1,0,0,0,7,1,0,1,2,0,1,0,0,0,0,0,0,0,1,0,0,0,0,0,1,0,1,1,0,0,0,0,0,0,0,1,0,0,0,0,0,0,12,0,0,0,4,1,0,1,0,0,1,0,0,0,0,1,0,0,0,1,0,2,0,0,0,0,0,0,0,0,0,0,1,0,0,0,0,0,0,0,0,0,0,0,0,0,0,0,0,0,0,0,0,0,0,0,0,0,0,0,0,0,2,0,0,0,0,2,0,0,0,0,0,0,8,0,0,8,0,0,0,0,0,0,0,0,0,0,0,0,0,0,0,0,0,0,0,0,0,0,0,0,1,0,0,0,0,0,0,1,1,0,3,0,0,0,0,0,0,1,0,0,0,0,0,0,0,0,0,0,0,0,1,0,0,0,0,0,0,0,0,1,0,1,0,0,0,0,1,0,0,0,0,0,0,0,0,0,0,1,0,0,0,0,0,0,0,0,0,0,0,0,0,0,1,0,0,0,0,0,0,0,0,0,0,0,0,0,0,0,0,1,2,0,0,0,0,0,0,0,0,0,0,0,0,0,0,0,0,0,0,0,0,0,0,0,0,0,0,0,1,8,0,0,0,0,2,0,0,0,0,0,0,0,0,0,0,0,0,0,0,0,0,0,0,0,0,2,11,0,0,0,0,0,0,0,0,0,0,0,0,0,0,2,0,0,0,0,0,0,0,0,0,0,0,0,0
given,53,235,222,29,20,3,57,18,1,1,74,54,522,0,1,0,4,3,3,1,9,0,115,0,12,4,192,103,48,0,0,144,38,0,277,4,2,43,29,3,3,0,51,52,1,0,0,6,1,21,2,1,47,4,22,0,8,0,0,31,0,3,0,19,2,4,25,10,2,0,2,0,4,36,51,3,0,2,1,0,2,1,2,1,1,32,0,0,0,0,30,4,2,0,29,0,9,0,0,27,20,96,10,34,0,0,0,0,14,6,0,0,27,4,6,15,1,68,4,0,3,0,0,18,0,8,0,1,0,0,1,0,1,9,17,1,4,0,0,0,6,0,0,16,0,3,8,3,1,0,11,0,0,1,10,1,0,0,14,16,14,0,8,0,3,3,0,12,3,3,0,4,0,0,1,1,3,0,2,1,3,0,0,0,3,0,10,0,20,5,0,0,0,12,1,2,5,0,1,0,0,3,0,0,9,0,0,2,1,1,8,0,0,0,0,0,0,0,2,0,0,0,0,0,2,0,0,1,3,15,6,0,0,3,2,5,0,0,0,1,0,1,3,1,0,3,0,0,2,17,0,18,6,6,2,0,2,0,1,3,0,4,0,0,1,0,0,8,3,0,1,0,8,2,1,0,0,9,0,4,0,0,0,0,0,0,0,3,42,5,0,4,0,0,1,0,0,0,4,1,1,1,0,0,0,0,0,0,0,0,2,0,0,0,1,7,0,0,0,0,15,0,3,1,0,0,0,3,3,0,0,0,0,3,2,4,0,0,0,0,31,0,0,3,0,3,0,0,0,0,4,3,0,0,0,2,0,0,0,0,1,0,2,0,0,0,1,4,2,1,0,0,2,0,0,4,0,13,1,0,3,0,6,0,2,0,0,0,1,2,0,2,6,0,1,0,0,1,7,1,0,0,0,1,0,0,6,0,1,1,0,9,3,0,0,0,0,0,0,1,5,0,0,0,4,0,3,0,1,0,3,5,0,0,0,8,1,0,0,0,0,0,0,1,1,0,0,7,0,2,0,4,0,0,0,7,0,1,0,0,0,0,0,3,2,0,0,0,0,0,0,0,0,5,0,0,0,0,0,0,0,0,0,0,1,0,0,2,0,0,0,0,1,0,0,7,0,1,2,0
are,233,405,753,116,83,5,245,175,9,36,463,499,691,27,28,4,18,18,20,0,18,3,144,34,63,49,10,505,334,3,26,163,135,1,70,0,41,101,310,27,3,11,151,571,2,4,15,6,1,18,2,6,64,12,679,0,73,13,3,232,1,2,7,52,7,68,3,8,45,0,8,0,11,10,6,22,2,10,4,2,0,1,0,1,4,8,4,2,0,15,86,32,10,0,7,1,20,0,5,5,15,178,277,7,2,0,0,0,9,99,0,2,3,13,1,123,1,56,134,1,2,3,0,407,1,11,136,10,3,0,0,1,14,1,4,43,1,0,2,0,191,0,0,17,94,1,5,5,3,3,10,0,1,0,28,4,0,0,0,13,129,3,0,0,2,4,51,25,3,5,0,1,1,0,1,1,143,12,11,14,9,107,25,0,15,4,101,0,56,18,0,0,0,50,3,1,55,0,8,1,2,16,0,130,7,2,0,2,6,0,13,0,0,0,0,0,2,0,2,1,1,1,1,0,8,25,0,6,43,3,1,0,0,69,2,3,0,0,24,13,2,11,0,1,1,78,0,0,0,116,0,2,79,5,3,2,90,3,4,5,1,1,0,35,14,14,2,10,6,0,0,14,24,10,0,0,0,10,0,0,0,0,32,3,1,3,3,267,0,1,4,2,1,17,50,0,2,0,14,1,28,1,1,0,0,0,16,2,32,5,1,0,4,0,0,10,0,0,0,0,16,0,13,66,10,51,30,12,3,5,3,0,43,2,1,12,0,2,0,0,17,0,2,3,0,2,0,0,0,0,2,6,0,0,0,77,0,1,5,0,1,1,13,1,0,0,67,16,36,0,2,0,3,0,1,7,0,18,28,0,23,0,29,2,3,3,1,0,0,46,49,14,15,0,10,0,0,36,2,4,1,0,4,2,78,3,20,7,2,2,1,0,1,1,60,0,0,0,0,0,1,2,0,20,10,1,14,0,0,3,7,0,2,1,0,4,22,0,0,72,0,1,0,57,1,0,0,0,2,7,0,7,0,0,1,9,0,0,0,6,0,0,2,32,10,0,23,6,54,0,25,7,3,0,23,2,1,2,8,4,5,1,1,0,0,0,1,8,0,2,0,0,2,0,8,1,1,0,0,0
global_random_seed,13,490,39,910,535,390,355,0,3,0,0,40,1,0,6,1,0,0,3,0,68,3,1,0,0,5,1,1,1,0,14,11,12,0,0,0,0,0,0,4,0,0,4,1,0,0,0,1,0,0,6,0,2,0,0,0,0,0,0,0,52,0,0,0,0,0,0,0,0,0,0,0,0,1,0,0,0,6,347,0,0,0,0,2,3,0,8,1,0,0,1,1,12,0,0,0,1,0,0,0,0,0,0,0,0,0,0,0,0,0,0,14,0,3,0,0,9,0,0,0,0,0,0,0,0,1,0,0,0,0,0,0,0,0,0,0,0,0,7,0,2,0,1,0,0,0,0,1,0,0,0,0,0,0,0,0,0,0,0,0,0,0,0,0,2,1,0,11,0,2,0,0,0,0,0,0,0,1,0,0,0,0,0,0,3,0,2,0,0,0,0,11,0,0,0,0,0,0,8,0,2,0,0,0,0,0,0,1,0,0,1,0,0,0,0,0,0,0,0,0,0,0,15,3,0,0,0,0,0,0,0,0,0,0,3,0,0,5,0,0,0,0,0,0,0,0,0,0,0,0,0,0,1,2,0,11,0,0,0,0,0,0,0,1,0,0,0,0,0,0,0,0,0,0,0,0,0,0,0,0,4,209,0,0,0,0,4,0,0,0,0,0,0,0,0,0,0,1,0,0,0,0,3,0,0,0,0,0,0,0,0,2,0,1,0,0,0,0,0,0,0,0,0,0,0,0,0,2,0,0,0,0,0,0,0,1,0,0,0,0,0,0,0,0,0,0,0,0,11,0,0,1,0,1,0,0,1,0,0,0,0,0,0,0,0,0,0,0,0,0,0,0,0,0,0,0,0,0,0,0,1,0,2,0,0,0,1,0,0,0,0,0,0,0,0,0,0,0,0,0,0,0,0,0,0,0,0,0,0,0,0,0,0,0,0,0,0,0,0,0,0,9,0,0,0,1,0,0,0,0,0,0,0,0,0,0,0,0,0,0,0,0,0,0,3,0,0,0,0,0,20,0,0,0,0,0,0,0,0,0,0,0,0,0,0,0,0,0,0,0,0,0,0,0,1,0,0,0,0,0,0,0,0,0,0,0,0,0,0,0,6,0,0,0,0,0,0,0,0,0
__init__,445,23,624,379,1272,12,256,0,1,16,41,11,15,4,1,11,118,6,174,926,2,915,5,10,10,13,1,7,6,0,3,2,1,0,5,0,1,4,0,0,0,1,2,0,0,1,0,0,0,0,3,2,0,0,0,0,1,0,13,0,1,0,1,1,0,2,8,1,7,0,3,0,1,30,4,0,0,0,0,6,1,5,0,1,2,2,0,0,0,0,0,2,0,0,1,0,1,0,0,0,3,1,0,9,0,0,0,0,0,0,0,0,3,0,0,0,0,0,1,0,1,0,0,0,0,2,0,0,8,0,0,0,0,0,0,0,2,1,0,0,0,12,3,0,2,0,0,10,282,0,0,0,0,0,0,0,0,0,0,0,0,0,0,0,0,0,0,0,2,0,1,0,0,0,0,0,1,0,0,0,0,3,0,1,2,1,0,0,0,1,0,1,0,0,0,0,0,0,0,0,0,0,1,3,2,0,1,0,0,0,8,0,0,0,0,2,1,0,0,0,3,0,0,1,0,0,0,3,5,0,1,0,4,0,11,0,1,0,0,0,0,0,0,0,3,0,0,0,0,5,0,0,1,0,0,2,0,0,0,0,0,0,0,0,1,0,0,0,0,1,0,0,0,2,0,8,0,2,0,1,0,0,0,0,0,1,0,0,0,0,0,0,0,0,0,0,0,0,0,0,0,0,0,0,0,1,0,0,0,0,0,0,0,0,0,0,0,1,0,0,0,0,1,5,0,1,0,2,0,0,0,0,0,0,0,0,0,0,0,0,0,0,0,0,0,0,0,0,1,0,1,0,0,0,0,0,0,0,0,0,0,0,0,0,0,0,4,0,4,0,0,0,0,0,3,0,0,0,0,0,0,0,1,0,0,0,0,0,0,0,0,0,0,11,0,0,0,0,0,0,1,0,0,0,0,0,0,0,0,0,0,0,0,0,0,0,0,0,0,0,0,1,0,1,0,1,0,0,0,0,0,0,0,0,0,0,0,0,0,0,0,0,0,0,6,0,2,0,0,0,0,0,0,0,0,0,0,1,0,0,0,0,0,0,0,0,0,0,0,0,0,0,0,0,0,6,0,0,0,0,0,0,0,0,0,0,0,0,0,0,0,0,0,0,0,0,0,0,0,0
and,1298,1738,2129,1270,880,215,483,1260,119,156,3532,1280,2416,414,382,263,117,41,95,321,456,2,682,402,517,70,793,408,358,89,21,365,343,118,672,12,183,101,116,268,28,185,231,940,5,53,62,95,51,312,28,64,314,176,228,10,56,4,70,168,41,17,46,156,36,85,86,38,69,2,36,13,57,143,310,19,38,50,5,33,13,68,3,7,58,39,181,10,12,23,178,74,48,31,81,1,89,1,32,225,183,98,181,169,31,2,3,8,45,173,46,4,58,105,203,56,27,14,104,36,54,3,58,112,1,56,39,9,38,12,15,28,12,116,55,157,24,10,62,2,128,32,3,99,83,107,67,35,12,31,56,6,62,10,98,14,6,30,12,33,240,23,15,2,30,110,72,41,11,48,1,11,2,9,9,22,20,71,97,80,32,47,7,15,13,9,93,28,114,84,0,17,9,44,20,95,61,129,111,14,1,85,1,37,42,2,5,35,27,9,34,5,0,0,0,0,67,4,0,15,12,54,41,12,55,14,7,19,15,62,80,2,4,40,56,8,0,6,25,40,9,353,40,6,68,43,0,13,4,65,3,14,7,15,95,19,63,3,0,13,13,64,5,17,16,15,13,89,27,0,302,19,21,35,18,1,0,40,5,12,8,0,24,32,0,12,26,56,3,41,40,16,10,15,49,1,35,9,30,11,45,28,6,0,12,10,45,9,1,11,41,2,0,1,4,28,29,6,17,12,153,0,62,36,18,29,35,38,25,66,23,19,10,47,36,20,0,4,4,9,57,2,17,56,0,17,16,7,28,0,28,22,4,0,0,105,2,24,12,1,1,0,270,9,1,0,28,18,24,3,28,35,21,76,24,27,0,24,66,6,61,0,57,29,11,10,1,0,4,35,45,24,14,6,21,0,14,39,18,12,3,0,18,11,145,35,70,30,12,22,0,14,5,4,20,4,4,1,12,69,18,10,0,52,30,12,10,0,7,9,15,15,0,0,3,14,31,1,0,57,12,28,0,42,6,25,4,1,59,50,0,34,1,0,8,24,49,16,8,12,0,0,8,36,68,1,51,19,23,4,14,17,2,7,11,10,7,20,25,31,5,10,2,1,3,0,35,152,0,24,11,0,14,26,21,26,4,2,9,12
from,940,2493,10831,1217,137,13,624,452,13,25,519,364,1175,47,60,8,32,29,22,42,55,38,86,115,77,63,179,231,30,386,7,22,24,2036,290,11615,19,2,101,9,580,40,21,37,14,9,36,33,5,119,4,4,166,12,30,1,14,6158,11,855,1,55,5,53,16,19,23,7,25,0,10,1,45,45,101,4,1,6,1,19,0,3,4,35,4,24,1,15,103,3,9,17,2,8,57,2,59,5,5,32,56,14,47,64,5,1,16,5,12,28,15,3,12,30,19,16,3,3,6,1,6,2,0,29,5,12,7,1,12,25,3,2,11,10,23,56,0,4,9,81,35,0,13,17,20,9,24,5,24,8,26,0,5,2,41,7,3,4,0,12,57,2,0,4,11,8,4,19,21,25,0,18,267,0,3,6,55,1,3,8,1,20,0,3,8,1,12,19,30,18,23,0,21,11,0,3,13,0,3,4,38,31,36,4,17,54,0,4,2,8,10,2,1,0,390,1406,3,2,9,15,0,5,1,1,125,4,20,123,6,8,9,5,6,2,3,5,0,0,179,34,1,9,4,2,0,20,0,1,0,36,0,0,9,16,7,1,20,0,4,8,1,2,1,5,2,3,6,43,9,66,0,2,6,4,20,0,1252,34,112,43,0,3,21,0,28,1,4,22,0,6,10,4,0,52,13,0,0,4,3,7,3,45,0,0,92,3,7,36,2,0,4,0,7,0,1,10,2,44,2,88,53,1,15,13,1,43,14,10,14,2,0,7,3,14,15,14,0,2,18,1,26,2,1,10,0,2,96,3,0,0,29,7,12,0,1,4,0,1,0,0,8,1,1,1,0,0,24,5,54,0,14,1,0,0,0,16,0,4,20,13,2,1,18,0,4,344,1,21,8,96,5,3,4,1,3,0,2,15,2,4,0,0,0,6,8,1,12,15,15,1,0,25,0,0,19,1,11,8,75,2,1,2,0,24,7,1,12,0,2,43,3,3,5,1,0,0,13,16,0,12,3,22,126,4,1,2,0,1,13,9,0,11,2,0,1,10,0,0,0,1,13,1,25,23,2,3,1,0,0,0,1,0,0,15,1,1,2,1,3,2,0,2,60,0,0,3,0,10,0,8,16,0,0,0,1,5,8,2,1,2
random_state,863,3764,892,549,803,4876,406,2,111,218,336,59,18,1989,419,5,1,9,15,285,94,29,2,371,14,18,24,14,10,73,6,21,37,193,13,0,238,1,5,163,0,7,0,7,14,207,119,1,2,2,0,0,17,4,0,0,0,0,147,2,53,0,195,2,0,4,1,0,1,0,0,0,2,16,4,0,7,3,638,0,204,193,0,2,1,0,42,2,1,76,1,3,37,0,2,0,0,0,174,0,0,1,1,3,4,0,0,0,0,0,0,1,0,1,0,5,1,0,0,1,0,299,1,0,0,6,6,0,0,2,4,0,0,0,0,3,0,0,18,0,3,36,0,1,0,0,1,11,0,1,2,15,0,2,2,2,0,0,0,1,7,13,0,0,2,0,0,0,0,0,0,0,0,0,20,7,0,14,2,18,0,1,0,0,10,107,0,3,0,0,0,21,0,0,0,1,0,1,3,0,0,0,0,0,8,0,0,7,1,0,7,1,0,1,0,0,2,0,0,0,0,0,16,25,0,2,0,2,0,0,1,2,0,4,5,5,0,4,0,3,2,0,2,0,4,0,0,0,0,4,0,0,0,0,0,20,2,5,0,0,34,2,34,12,0,1,0,3,0,0,0,4,0,1,0,0,0,0,0,0,3,30,1,0,0,0,0,0,0,0,0,0,0,1,13,0,0,60,7,0,0,0,0,0,0,2,0,0,0,0,0,19,1,484,0,0,12,2,0,0,0,0,0,0,0,1,0,1,4,0,2,0,0,0,0,13,0,0,0,0,8,0,3,0,0,3,0,0,7,347,0,0,1,0,0,0,1,0,0,0,0,0,0,0,0,0,0,0,0,0,0,0,4,0,8,0,2,0,0,0,14,0,0,0,1,0,0,0,0,2,0,1,0,0,0,0,0,0,2,0,0,0,3,0,1,0,0,0,0,0,0,0,1,0,1,0,0,0,3,1,17,12,0,0,0,53,0,0,0,0,0,0,0,0,4,0,0,0,0,2,0,0,0,0,26,0,4,0,0,0,0,0,0,1,0,0,0,0,1,0,0,0,0,0,0,0,0,0,0,0,0,0,6,0,0,3,11,0,4,0,0,0,0,0,0,0,0,2,0,0,32,0,0,0,1,0,3,0,0,0
should,303,228,186,101,53,23,64,57,7,12,158,340,293,20,17,1,7,10,39,2,22,0,73,16,108,14,1,46,58,0,8,10,18,4,221,6,16,9,107,12,9,51,30,277,0,10,5,11,11,1474,5,2,78,20,81,2,56,1,6,14,2,65,2,28,1,6,5,10,31,1,6,0,9,22,1,5,0,5,0,1,5,0,1,2,0,1,0,11,0,0,18,8,12,12,27,1,94,2,0,108,23,6,18,53,0,0,0,8,14,31,87,1,10,27,0,11,2,1,77,1,3,0,0,62,110,31,42,4,1,0,8,3,1,0,22,8,30,0,1,0,15,6,0,12,54,0,22,3,3,2,2,0,4,1,12,2,0,0,5,2,5,2,12,0,3,56,3,3,4,5,0,0,0,4,1,1,30,0,7,7,0,29,0,22,2,0,8,0,19,12,0,3,1,30,0,5,2,0,2,4,0,47,0,16,30,4,0,2,7,0,5,1,0,0,0,0,3,0,0,3,0,1,2,2,3,1,0,0,2,6,190,3,0,21,3,1,0,0,4,11,1,3,0,0,2,21,0,6,0,11,0,4,20,12,0,1,9,1,0,1,1,0,1,0,1,8,2,0,5,0,1,2,1,0,1,0,0,8,0,6,0,0,9,1,4,3,4,9,0,6,0,1,0,2,1,0,5,1,12,1,5,3,0,0,0,0,5,0,14,0,0,0,0,0,0,1,0,6,1,0,7,0,7,18,4,3,6,3,5,2,0,1,3,5,1,4,0,0,0,0,4,0,1,5,0,2,13,1,0,0,9,2,1,0,3,15,0,2,3,2,0,64,19,0,0,0,7,3,4,3,8,4,1,0,3,5,0,7,6,0,15,0,0,0,9,1,1,0,0,4,23,13,1,1,0,0,3,4,1,1,2,0,1,0,3,4,2,0,1,4,0,0,1,0,17,0,0,0,0,0,0,2,1,2,2,0,3,0,0,3,2,1,0,0,2,15,3,0,0,2,2,2,0,4,4,0,0,0,0,1,0,15,0,0,0,7,5,0,0,0,0,0,0,4,6,0,3,2,39,2,1,1,0,1,0,2,0,0,4,0,0,7,0,0,1,0,9,4,0,13,0,0,1,8,0,0,0,0,0,0
each,52,306,694,114,74,11,64,46,19,4,74,161,78,1,2,0,1,6,3,3,15,0,657,3,22,16,99,185,324,3,3,904,16,3,8,0,1,41,98,0,0,2,59,2,0,0,0,22,6,2,1,2,32,10,53,0,2,0,2,25,2,1,0,222,3,12,15,1,0,0,1,0,1,71,28,6,2,1,2,0,0,0,2,0,5,1,0,4,3,1,100,0,0,0,44,0,0,1,2,4,27,43,20,0,1,1,0,0,2,28,0,0,2,30,27,12,0,1,5,1,4,2,0,0,3,24,21,3,0,1,2,1,0,10,18,0,0,1,0,3,27,2,0,14,2,12,14,14,0,0,7,0,0,2,18,10,1,0,5,3,67,0,0,0,1,4,0,4,0,11,0,1,0,1,0,4,14,2,26,34,0,0,5,1,0,0,26,0,198,13,0,0,0,189,5,5,6,0,0,0,0,31,1,0,22,0,0,8,0,0,2,1,0,0,0,0,8,0,0,0,0,0,3,0,23,11,0,0,0,89,5,0,0,43,0,1,0,0,0,43,1,5,19,0,0,5,0,0,0,6,0,16,1,2,16,0,19,0,0,6,1,10,0,12,1,5,3,7,12,0,0,6,1,0,0,0,0,4,0,6,0,0,10,3,0,0,7,1,58,0,1,1,0,1,3,0,0,0,91,0,12,0,0,0,0,0,0,0,1,0,0,0,0,0,1,67,0,1,3,0,15,0,1,3,0,10,42,0,18,1,0,0,36,1,11,35,0,0,0,0,251,0,0,21,0,3,1,2,0,0,2,2,0,0,0,7,0,0,0,0,0,0,19,0,8,0,0,1,0,0,25,0,8,0,0,7,0,2,44,0,3,0,0,0,1,0,0,0,1,2,0,8,11,3,3,0,3,19,2,0,0,0,1,0,0,0,2,0,3,4,0,3,1,0,2,0,0,0,0,13,0,0,0,0,0,2,15,0,1,0,0,1,0,0,0,0,2,0,0,2,1,1,0,5,0,0,1,0,2,6,0,9,0,0,10,17,0,3,0,0,0,0,0,6,2,0,3,2,2,0,4,0,0,1,0,0,0,0,0,0,0,0,0,0,0,0,1,2,0,3,3,0,2,0,0,4,0,0,0,0
