token,dim_0,dim_1,dim_2,dim_3,dim_4,dim_5,dim_6,dim_7,dim_8,dim_9,dim_10,dim_11,dim_12,dim_13,dim_14,dim_15,dim_16,dim_17,dim_18,dim_19,dim_20,dim_21,dim_22,dim_23,dim_24,dim_25,dim_26,dim_27,dim_28,dim_29,dim_30,dim_31,dim_32,dim_33,dim_34,dim_35,dim_36,dim_37,dim_38,dim_39,dim_40,dim_41,dim_42,dim_43,dim_44,dim_45,dim_46,dim_47,dim_48,dim_49
has_app_context,0.0463469959795475,0.07311475276947021,0.0042809247970581055,0.008007131516933441,0.0031319379340857267,0.08774808049201965,-0.0078383544459939,0.028840793296694756,-0.11104267835617065,0.03467530757188797,-0.024538615718483925,0.061842180788517,-0.1024555191397667,-0.010880907997488976,-0.018262850120663643,-0.021585537120699883,0.003803861327469349,-0.004573017358779907,-0.12426190078258514,0.09252426773309708,-0.014216318726539612,-0.06761246174573898,-0.10873591899871826,0.011563127860426903,-0.09688503295183182,-0.06271590292453766,-0.048647619783878326,0.07302743941545486,0.027233336120843887,0.046216923743486404,0.025234855711460114,0.05155182629823685,0.041537221521139145,-0.02359967678785324,-0.05241631716489792,-0.06947011500597,-0.043526530265808105,-0.026327243074774742,-0.0305295642465353,-0.05635653808712959,0.07689384371042252,-0.02255573868751526,0.04416404291987419,-0.03609026223421097,-0.051233064383268356,0.040585845708847046,0.047436315566301346,-0.008855324238538742,-0.03955938294529915,-0.01135142333805561
model_name,0.30895689129829407,0.04110033065080643,0.1629505455493927,0.22661711275577545,-0.07513810694217682,0.2454763501882553,0.13143929839134216,0.01572771742939949,-0.42978498339653015,0.027775350958108902,-0.015745291486382484,0.10278332233428955,-0.12438909709453583,0.11186505109071732,-0.07609803974628448,0.04175978899002075,0.1389339417219162,-0.09118136763572693,-0.15787449479103088,0.12433573603630066,0.13634459674358368,-0.07560061663389206,-0.012053461745381355,0.13766731321811676,-0.18461854755878448,-0.18991446495056152,0.0358365923166275,-0.22851067781448364,-0.09993653744459152,0.06874203681945801,-0.052585285156965256,0.23736368119716644,0.11958995461463928,-0.10463755577802658,-0.14525793492794037,-0.30128389596939087,0.02208355814218521,0.02839583344757557,-0.2079838514328003,-0.0984780564904213,-0.045436564832925797,0.19814631342887878,0.3162899315357208,-0.07496825605630875,0.16931447386741638,0.153647780418396,0.003043895121663809,-0.16520710289478302,0.13118474185466766,-0.3574223816394806
item_id,0.6874075531959534,0.06939215213060379,0.4537920355796814,0.4093482792377472,-0.2003420740365982,0.6357942223548889,0.3230242431163788,0.11390921473503113,-1.046860933303833,-0.009349176660180092,-0.0005297915195114911,0.3162711560726166,-0.33451277017593384,0.30299749970436096,-0.09052706509828568,0.03450382500886917,0.23211781680583954,-0.34979456663131714,-0.2870122790336609,0.26713547110557556,0.31313714385032654,-0.2479923665523529,0.1177341416478157,0.3800617754459381,-0.2598544955253601,-0.4208894670009613,0.017963439226150513,-0.566852331161499,-0.22270120680332184,0.16236911714076996,-0.049957193434238434,0.5285353660583496,0.3782305419445038,-0.21351568400859833,-0.3314530551433563,-0.620164155960083,-0.08245684206485748,0.14784668385982513,-0.619631290435791,-0.12689058482646942,-0.10516375303268433,0.5663628578186035,0.6875740885734558,-0.22419653832912445,0.5273382067680359,0.5412282943725586,0.05889204889535904,-0.42142337560653687,0.24208326637744904,-0.8264119625091553
targets,0.05521220713853836,0.04201771691441536,-0.03229960426688194,0.06350521743297577,0.02626737393438816,0.054067712277173996,-0.023194726556539536,-0.02482275664806366,-0.08639189600944519,0.060367655009031296,-0.016064569354057312,-0.03312517702579498,-0.03723391145467758,0.024945851415395737,-0.039510201662778854,0.035224299877882004,0.024322303012013435,0.03231936693191528,-0.013651316985487938,0.03922826051712036,0.005479754880070686,0.013216627761721611,-0.07120635360479355,-0.012269143015146255,-0.09322892129421234,-0.01856401562690735,-0.04050460830330849,-0.04299844056367874,-0.055258460342884064,0.027872048318386078,-0.0205097459256649,0.06826356053352356,0.024223273620009422,-0.034054163843393326,0.005591726861894131,-0.07865279912948608,0.05522051081061363,-0.020879529416561127,0.03265742212533951,-0.06395965069532394,0.00579303503036499,-0.013116054236888885,0.06865735352039337,0.0012823583092540503,-0.02312765270471573,-0.047770220786333084,-0.023429302498698235,0.0011063981801271439,-0.02916940487921238,-0.05797620490193367
called,0.1497214436531067,0.06759362667798996,0.02581837773323059,0.1247413232922554,0.03581824526190758,0.09732510894536972,-0.0020613069646060467,-0.027752047404646873,-0.1743510365486145,0.04066888988018036,-0.032578837126493454,-0.008140332996845245,-0.1016746461391449,0.0008595720864832401,-0.06744908541440964,0.05816804990172386,0.08376253396272659,0.01679537445306778,-0.10961004346609116,0.08974778652191162,0.035691551864147186,0.002142015378922224,-0.14117491245269775,0.006260097958147526,-0.16656219959259033,-0.07448849827051163,-0.005429583601653576,-0.029890958219766617,-0.033196985721588135,0.01655222848057747,-0.019759848713874817,0.12185228615999222,0.05911937728524208,-0.05737819895148277,-0.05101160705089569,-0.15767157077789307,0.06275265663862228,0.006678863428533077,-0.036785416305065155,-0.08818509429693222,0.057267047464847565,0.01974259316921234,0.13069744408130646,-0.00565201323479414,-0.030959786847233772,-0.007091953884810209,0.00524501595646143,-0.055316172540187836,0.008982834406197071,-0.10625693202018738
low,0.17882046103477478,0.08829907327890396,0.04381728172302246,0.1549280434846878,0.0028504333458840847,0.14194637537002563,0.04449553042650223,-0.030936574563384056,-0.23598787188529968,0.07547884434461594,-0.04071937873959541,0.02796291746199131,-0.10757890343666077,0.01154261827468872,-0.0739581435918808,0.03645264357328415,0.07588793337345123,-0.03322532773017883,-0.13221962749958038,0.09378714114427567,0.029002655297517776,-0.04046178236603737,-0.1325777918100357,0.0327162891626358,-0.13042567670345306,-0.11169130355119705,-0.014730917289853096,-0.0680619329214096,-0.03441791608929634,0.042916975915431976,-0.030955027788877487,0.14979268610477448,0.04907206818461418,-0.06479557603597641,-0.08926539123058319,-0.18429717421531677,0.016792280599474907,-0.00741825345903635,-0.031704362481832504,-0.1188950464129448,0.04180627688765526,0.02858630195260048,0.17233607172966003,-0.0535258948802948,0.018536129966378212,0.035715632140636444,0.027777710929512978,-0.054616425186395645,0.041514601558446884,-0.14732134342193604
abstractmethod,0.04517364501953125,0.12833921611309052,0.03913790360093117,-0.00438811257481575,-0.00010058358020614833,0.19152869284152985,-0.09819351136684418,0.11355265229940414,-0.23781806230545044,0.015370852313935757,-0.03807118907570839,0.14680178463459015,-0.2290692925453186,0.009859447367489338,-0.019993511959910393,-0.07690688222646713,-0.06977066397666931,-0.02146235853433609,-0.26630598306655884,0.2271982580423355,-0.02187950350344181,-0.1567007154226303,-0.21993468701839447,0.01257061492651701,-0.26014024019241333,-0.11169210821390152,-0.109141506254673,0.18609321117401123,0.107536680996418,0.12317688018083572,0.09323427081108093,0.1041264683008194,0.11825209856033325,-0.03400558605790138,-0.1159772053360939,-0.12994913756847382,-0.0996645987033844,-0.07927016913890839,-0.1138954609632492,-0.09327060729265213,0.1533370018005371,-0.045826736837625504,0.0718282014131546,-0.02935788966715336,-0.15971292555332184,0.07938092201948166,0.10326814651489258,-0.061011895537376404,-0.13750362396240234,0.04496736451983452
reason,0.19044357538223267,0.08610466122627258,0.05285174772143364,0.1547354906797409,0.00417356239631772,0.20675015449523926,0.07583904266357422,-0.012903147377073765,-0.3553268015384674,0.08523073047399521,-0.0176232997328043,0.014615052379667759,-0.15464726090431213,0.03204771503806114,-0.03873443603515625,0.05437920615077019,0.09829185903072357,-0.01248588040471077,-0.19445057213306427,0.11058326810598373,0.013249073177576065,-0.0637129619717598,-0.10577333718538284,0.05168622359633446,-0.22067344188690186,-0.13941660523414612,-0.0625830665230751,-0.11013457924127579,-0.08156190812587738,0.10105777531862259,-0.053932126611471176,0.1746133416891098,0.12577280402183533,-0.11208833754062653,-0.07774114608764648,-0.2359561175107956,0.04558013007044792,0.0007054607849568129,-0.09053483605384827,-0.13390003144741058,0.003793762531131506,0.10299056023359299,0.23338259756565094,-0.08659747242927551,0.07229992002248764,0.07934083044528961,0.01435290090739727,-0.08596152812242508,-0.016276473179459572,-0.2121337503194809
successful,0.07563072443008423,0.04075075685977936,0.009414421394467354,0.08293137699365616,0.04831258952617645,0.06954185664653778,-0.030229995027184486,-0.012569902464747429,-0.11518023908138275,0.04720928147435188,-0.05076929181814194,0.006328630726784468,-0.0592060349881649,0.022076429799199104,-0.05970758944749832,0.031033845618367195,0.019750945270061493,-0.009875541552901268,-0.07927578687667847,0.059491898864507675,0.012525112368166447,-0.017155388370156288,-0.08269441872835159,0.0029821929056197405,-0.07180909812450409,-0.04147089645266533,-0.002547568641602993,0.008467141538858414,-0.017071641981601715,0.03026537038385868,-0.004987503867596388,0.07107676565647125,0.022697944194078445,-0.021780559793114662,-0.03109235316514969,-0.09497321397066116,0.03185372054576874,-0.010734685696661472,0.0117112435400486,-0.07184910774230957,0.03948964178562164,0.004143998958170414,0.07383167743682861,-0.0033571110107004642,-0.020574351772665977,0.005104907788336277,-0.011053521186113358,-0.01648917980492115,-0.004244472365826368,-0.04631500691175461
ignore,0.2456890046596527,0.0783851146697998,0.11394955962896347,0.17280428111553192,-0.03901969641447067,0.24971729516983032,0.05990362912416458,0.03672123700380325,-0.41545918583869934,-0.005223149433732033,-0.05495540052652359,0.06944748759269714,-0.21011020243167877,0.04341965913772583,-0.033430472016334534,0.02034543827176094,0.05935242027044296,-0.0657663643360138,-0.29526811838150024,0.16020940244197845,0.09715087711811066,-0.07607337832450867,-0.15320806205272675,0.12237288057804108,-0.24757014214992523,-0.15511295199394226,0.012970872223377228,-0.08143825829029083,-0.03306981921195984,0.05904914438724518,-0.05202357470989227,0.17811523377895355,0.10240808874368668,-0.0928046703338623,-0.15830478072166443,-0.3013027012348175,-0.0156487338244915,-0.029820187017321587,-0.21136356890201569,-0.12413603067398071,0.06045396253466606,0.14736153185367584,0.3122391104698181,-0.06609491258859634,0.040385980159044266,0.11954046040773392,0.058479730039834976,-0.14345398545265198,0.07545337826013565,-0.2698687016963959
needed,0.06697463244199753,0.05329367145895958,0.0003109825775027275,0.06340223550796509,0.040737394243478775,0.05688019469380379,-0.003381811548024416,-0.03698281571269035,-0.10778554528951645,0.060523856431245804,-0.019661206752061844,-0.021748442202806473,-0.06768370419740677,-0.0022741095162928104,-0.02821471355855465,0.05267666280269623,0.03514278680086136,0.02066325768828392,-0.05471156910061836,0.028737057000398636,-0.004014258272945881,0.010115246288478374,-0.0726357027888298,-0.00796541478484869,-0.09027466922998428,-0.024952201172709465,-0.030404772609472275,-0.014599470421671867,-0.022866230458021164,0.008915879763662815,-0.0310831256210804,0.04878835380077362,0.05132811516523361,-0.045444536954164505,-0.015677912160754204,-0.08709518611431122,0.05502759665250778,0.01200525276362896,0.0167838204652071,-0.07903752475976944,0.014883904717862606,0.01459803618490696,0.06233382597565651,-0.0101042240858078,0.000186871737241745,-0.010028189048171043,-0.0053834086284041405,-0.0033638610038906336,-0.011585097759962082,-0.058390308171510696
tag,0.01755271479487419,0.05130888894200325,0.015176432207226753,0.008127126842737198,0.017103053629398346,0.09156323969364166,0.005330079235136509,0.018412020057439804,-0.11114959418773651,0.03808308765292168,-0.008886609226465225,0.058549001812934875,-0.06633718311786652,-0.0016894876025617123,-0.01804163306951523,-0.05029468983411789,0.015885749831795692,0.007384919095784426,-0.13067282736301422,0.0930173397064209,-0.054035257548093796,-0.08603641390800476,-0.059892091900110245,-0.0012832956854254007,-0.08423313498497009,-0.09167471528053284,-0.08633203059434891,0.07236374169588089,0.03259319067001343,0.09776408970355988,0.06504901498556137,0.05096150189638138,0.06056317687034607,-0.029971452429890633,-0.055436644703149796,-0.03979024291038513,-0.041098613291978836,-0.03856946900486946,0.01009436696767807,-0.04293036460876465,0.03563150763511658,-0.054824694991111755,-0.0037697115913033485,-0.06904174387454987,-0.05289250239729881,0.03024793229997158,0.04255963861942291,-0.004823783412575722,-0.0905890092253685,0.024931684136390686
_LIBSVM_H,0.06860551238059998,0.027259184047579765,0.0068486472591757774,0.08043240755796432,0.016180533915758133,0.04182562232017517,-0.024645371362566948,-0.017071347683668137,-0.08110450208187103,-0.00012008054181933403,-0.03910020738840103,-0.012318304739892483,-0.060144856572151184,0.025278881192207336,-0.03681520000100136,0.030762167647480965,0.028453558683395386,0.006680407095700502,-0.06363821774721146,0.042108237743377686,0.04562894254922867,0.018171846866607666,-0.056209854781627655,0.013918743468821049,-0.08197484910488129,-0.02842647209763527,0.030771669000387192,-0.013499908149242401,-0.012883692048490047,0.002626502886414528,-0.015659669414162636,0.0656263455748558,0.0022052989806979895,-0.02507847175002098,-0.045221928507089615,-0.09823070466518402,0.05009826645255089,-0.017093241214752197,-0.04349672049283981,-0.056857526302337646,0.017901025712490082,0.036909617483615875,0.09063821285963058,0.028528379276394844,-0.011699979193508625,-0.003902596887201071,-0.00633666105568409,-0.05103924497961998,0.032555222511291504,-0.07930430769920349
order,0.2703128159046173,0.11099334061145782,0.1207377016544342,0.15044520795345306,-0.013873427174985409,0.2659284174442291,0.08621248602867126,-0.004174243658781052,-0.45430025458335876,0.09500008076429367,0.009680605493485928,0.07290243357419968,-0.2094026505947113,0.07127158343791962,-0.05742531642317772,0.06753167510032654,0.07735465466976166,-0.04980243369936943,-0.23913951218128204,0.14203254878520966,0.023930227383971214,-0.09524856507778168,-0.13543982803821564,0.06605487316846848,-0.2956906855106354,-0.16976314783096313,-0.08619973063468933,-0.10906549543142319,-0.08120182156562805,0.09083042293787003,-0.07429315149784088,0.18797573447227478,0.18024788796901703,-0.12285076081752777,-0.11574191600084305,-0.28903019428253174,0.04318712279200554,0.02953909896314144,-0.14937572181224823,-0.19892826676368713,0.024817466735839844,0.10749656707048416,0.26764750480651855,-0.09697414189577103,0.06010054051876068,0.15021410584449768,0.049014654010534286,-0.12466694414615631,-0.004431931767612696,-0.227334126830101
confidence,0.07315722852945328,0.061385251581668854,-0.047748863697052,0.08018582314252853,0.04347429424524307,0.04950705170631409,-0.0006063040345907211,-0.04953010752797127,-0.0745583176612854,0.08150813728570938,-0.01271451823413372,-0.06130294129252434,-0.059929560869932175,0.005481606349349022,-0.047569215297698975,0.06486643105745316,0.048375990241765976,0.0537000447511673,-0.03713769465684891,0.04134097695350647,0.013392818160355091,0.019785309210419655,-0.11934470385313034,-0.03677421808242798,-0.13100695610046387,-0.024701230227947235,-0.034348051995038986,-0.02652876451611519,-0.049615051597356796,0.02801140397787094,-0.053028058260679245,0.06885705143213272,0.036826834082603455,-0.03724893555045128,0.014717217534780502,-0.09204711765050888,0.08035582304000854,-0.011373689398169518,0.05275368690490723,-0.08431057631969452,0.024798261001706123,-0.013107536360621452,0.08099771291017532,0.008235990069806576,-0.026500852778553963,-0.0337250754237175,-0.02181374654173851,0.0029656158294528723,-0.01403608825057745,-0.07334645092487335
plt,-0.0032040667720139027,0.08181355148553848,0.0002089296467602253,-0.0070582423359155655,0.02141311764717102,0.12052302807569504,-0.07229361683130264,0.07118624448776245,-0.1353873759508133,0.059510838240385056,-0.017723042517900467,0.08315527439117432,-0.11754199117422104,0.02154603973031044,-0.022266246378421783,-0.06004618480801582,-0.041259683668613434,0.005149234551936388,-0.1689581274986267,0.15620142221450806,-0.054017093032598495,-0.10684981942176819,-0.13830596208572388,-0.011359433643519878,-0.16066092252731323,-0.07729825377464294,-0.10148103535175323,0.1330031454563141,0.05954495817422867,0.11041029542684555,0.09318061172962189,0.08843507617712021,0.06732288002967834,-0.03805194050073624,-0.056231413036584854,-0.05957593023777008,-0.060700468719005585,-0.06497792899608612,-0.013822020962834358,-0.06049356609582901,0.10442150384187698,-0.07032856345176697,0.0076257651671767235,-0.03393008932471275,-0.12392900139093399,0.017810430377721786,0.06963272392749786,-0.005529572255909443,-0.12670506536960602,0.055372197180986404
param,0.5100395679473877,0.15350274741649628,0.19838792085647583,0.17204318940639496,-0.24257346987724304,0.5841239094734192,0.38812386989593506,0.0942762941122055,-1.033040165901184,0.21863092482089996,0.015246899798512459,0.30823180079460144,-0.3171420991420746,0.09776155650615692,0.03893169388175011,-0.04517738148570061,0.2965485453605652,-0.2564869225025177,-0.32355329394340515,0.28155720233917236,-0.08633959293365479,-0.32153335213661194,0.023719191551208496,0.3412492871284485,-0.1587139070034027,-0.4126024544239044,-0.29656893014907837,-0.40262100100517273,-0.11486096680164337,0.24669156968593597,0.07594627141952515,0.41481906175613403,0.4406436085700989,-0.18388953804969788,-0.21818500757217407,-0.2952594459056854,-0.2658226191997528,0.16484220325946808,-0.29869741201400757,-0.18724727630615234,-0.04246288537979126,0.31729039549827576,0.46368715167045593,-0.39684751629829407,0.5224127769470215,0.4539927542209625,0.20851770043373108,-0.1536908894777298,-0.015601803548634052,-0.6114732027053833
that,0.4362683594226837,0.17979173362255096,0.02580047771334648,0.5130723714828491,0.1323566436767578,0.28767406940460205,-0.1632649153470993,-0.1183135062456131,-0.5578727722167969,0.29291918873786926,-0.18685346841812134,0.020824557170271873,-0.2545994520187378,0.21576789021492004,-0.3276078701019287,0.2761875092983246,0.23335057497024536,0.04297580197453499,-0.19781437516212463,0.17045505344867706,0.10308521240949631,0.04802538827061653,-0.26142600178718567,0.048874322324991226,-0.39930763840675354,-0.20531506836414337,-0.0503699965775013,-0.1810983419418335,-0.20719332993030548,0.11813845485448837,-0.08288450539112091,0.4569232761859894,0.16189154982566833,-0.20498619973659515,-0.07624077051877975,-0.570854902267456,0.3027966618537903,-0.12026313692331314,0.05215442180633545,-0.4150632917881012,0.007579667028039694,0.16642898321151733,0.3769908547401428,0.07828140258789062,0.006624854169785976,-0.13417772948741913,-0.11067965626716614,-0.11969920247793198,-0.015738993883132935,-0.37036868929862976
itertools,0.056455109268426895,0.18256375193595886,0.06952223181724548,0.03591497987508774,0.0915207713842392,0.3033680319786072,-0.24130505323410034,0.2223273664712906,-0.27598610520362854,-0.006978438701480627,-0.14254088699817657,0.23361702263355255,-0.3576343059539795,0.01080341823399067,-0.10589409619569778,-0.16468539834022522,-0.10714150220155716,0.052843887358903885,-0.47302529215812683,0.40622439980506897,0.05233589559793472,-0.21725912392139435,-0.3529600501060486,0.006667045410722494,-0.38522014021873474,-0.1507502794265747,-0.10393106937408447,0.3652309775352478,0.1505882441997528,0.17727035284042358,0.21549363434314728,0.23715639114379883,0.11883436888456345,-0.035796359181404114,-0.250589519739151,-0.25957414507865906,-0.13519258797168732,-0.21619126200675964,-0.13112396001815796,-0.05389720946550369,0.2726666331291199,-0.05288274958729744,0.12789279222488403,0.04074619337916374,-0.2984105050563812,0.04018162563443184,0.09065847098827362,-0.10029080510139465,-0.23055526614189148,0.051557429134845734
RegressorMixin,0.08474655449390411,0.12798860669136047,0.04398726299405098,0.002457648515701294,-0.008599666878581047,0.18401487171649933,-0.0577215850353241,0.06707756221294403,-0.28167209029197693,0.08598623424768448,0.008115381002426147,0.13404111564159393,-0.19373998045921326,0.06917386502027512,-0.035786207765340805,-0.02776448056101799,-0.011820733547210693,-0.07190216332674026,-0.18056127429008484,0.1938086748123169,-0.07303967326879501,-0.158234640955925,-0.1595890372991562,0.030507981777191162,-0.20795781910419464,-0.10545050352811813,-0.1722976416349411,0.11678683757781982,0.05170400068163872,0.10714508593082428,0.08052380383014679,0.11950621753931046,0.16422900557518005,-0.03179585188627243,-0.08588046580553055,-0.08449208736419678,-0.10668615251779556,-0.02203689143061638,-0.07746247202157974,-0.1344638615846634,0.14123758673667908,-0.04225664213299751,0.060133468359708786,-0.05401153489947319,-0.09196469187736511,0.10187454521656036,0.1281772255897522,-0.04249981790781021,-0.13353511691093445,0.011667286045849323
