token_1,token_2,cosine_similarity
reason,order,0.986384
model_name,item_id,0.979879
abstractmethod,itertools,0.965070
has_app_context,abstractmethod,0.962709
low,reason,0.961534
abstractmethod,plt,0.960952
targets,confidence,0.959124
ignore,order,0.958965
called,low,0.952774
low,order,0.952656
has_app_context,RegressorMixin,0.949684
abstractmethod,RegressorMixin,0.949059
reason,ignore,0.948119
called,successful,0.944939
tag,plt,0.939742
low,ignore,0.939156
plt,itertools,0.936238
model_name,ignore,0.934786
called,needed,0.931866
called,_LIBSVM_H,0.930053
needed,confidence,0.928483
called,that,0.923762
plt,RegressorMixin,0.923321
successful,that,0.923012
has_app_context,plt,0.921534
needed,that,0.920711
model_name,reason,0.920044
low,successful,0.919648
item_id,param,0.918340
model_name,order,0.917978
has_app_context,itertools,0.915094
called,reason,0.914339
targets,needed,0.913311
targets,that,0.912741
successful,needed,0.909991
tag,RegressorMixin,0.908455
has_app_context,tag,0.905428
called,order,0.901440
_LIBSVM_H,that,0.900587
item_id,ignore,0.897703
abstractmethod,tag,0.895620
model_name,low,0.893207
low,that,0.890419
called,ignore,0.883683
model_name,param,0.882958
successful,_LIBSVM_H,0.882161
low,_LIBSVM_H,0.879858
item_id,order,0.878894
low,needed,0.878394
order,param,0.870934
reason,needed,0.869064
item_id,reason,0.868185
ignore,_LIBSVM_H,0.867081
confidence,that,0.866294
reason,param,0.863339
itertools,RegressorMixin,0.862555
reason,that,0.860467
reason,successful,0.859083
called,confidence,0.851058
targets,called,0.851052
successful,order,0.847988
targets,successful,0.845879
needed,order,0.842623
tag,itertools,0.840684
ignore,param,0.834815
reason,_LIBSVM_H,0.833789
needed,_LIBSVM_H,0.826314
order,that,0.824942
successful,confidence,0.824718
successful,ignore,0.824629
item_id,low,0.817699
_LIBSVM_H,order,0.815930
model_name,_LIBSVM_H,0.800062
model_name,called,0.797840
low,param,0.795832
ignore,that,0.776164
targets,low,0.773949
model_name,that,0.764493
targets,_LIBSVM_H,0.762270
has_app_context,successful,0.761380
targets,reason,0.757458
_LIBSVM_H,confidence,0.754016
ignore,needed,0.753781
low,confidence,0.748537
has_app_context,order,0.732837
has_app_context,ignore,0.725712
order,RegressorMixin,0.724366
has_app_context,low,0.723267
reason,confidence,0.716363
model_name,successful,0.711680
has_app_context,called,0.711485
targets,order,0.704440
item_id,_LIBSVM_H,0.694505
item_id,called,0.692940
has_app_context,reason,0.692770
successful,RegressorMixin,0.691353
model_name,needed,0.675328
ignore,RegressorMixin,0.671561
successful,itertools,0.668582
order,confidence,0.665491
reason,RegressorMixin,0.665041
abstractmethod,successful,0.661563
low,RegressorMixin,0.659375
item_id,that,0.653091
abstractmethod,ignore,0.639130
called,param,0.637933
called,RegressorMixin,0.633956
has_app_context,needed,0.632137
abstractmethod,order,0.631673
param,RegressorMixin,0.631095
item_id,successful,0.610290
targets,ignore,0.610009
successful,plt,0.604546
successful,tag,0.603305
called,abstractmethod,0.599979
ignore,itertools,0.591028
called,itertools,0.587413
low,abstractmethod,0.585705
has_app_context,param,0.585184
tag,order,0.585044
successful,param,0.582699
needed,RegressorMixin,0.576223
abstractmethod,reason,0.575493
param,that,0.574159
needed,param,0.573168
ignore,confidence,0.571231
item_id,needed,0.564710
has_app_context,_LIBSVM_H,0.560545
model_name,targets,0.559215
reason,tag,0.558161
low,tag,0.550236
order,itertools,0.545550
low,itertools,0.541249
has_app_context,that,0.534477
_LIBSVM_H,param,0.527798
ignore,tag,0.522541
tag,param,0.520870
called,tag,0.518654
_LIBSVM_H,itertools,0.512239
has_app_context,targets,0.507100
order,plt,0.506872
reason,itertools,0.505845
called,plt,0.503930
abstractmethod,needed,0.499573
has_app_context,confidence,0.497277
model_name,confidence,0.496144
has_app_context,model_name,0.493958
that,RegressorMixin,0.493136
needed,tag,0.484146
low,plt,0.479430
model_name,RegressorMixin,0.478529
item_id,RegressorMixin,0.478280
abstractmethod,_LIBSVM_H,0.478238
ignore,plt,0.475701
abstractmethod,param,0.472184
targets,RegressorMixin,0.467038
reason,plt,0.466094
needed,itertools,0.461006
_LIBSVM_H,RegressorMixin,0.460479
has_app_context,item_id,0.458882
needed,plt,0.451471
that,itertools,0.431865
item_id,targets,0.428056
targets,param,0.422399
abstractmethod,that,0.421833
confidence,RegressorMixin,0.415467
targets,plt,0.410862
targets,tag,0.403807
targets,itertools,0.401524
targets,abstractmethod,0.399963
model_name,abstractmethod,0.384894
tag,that,0.383822
item_id,abstractmethod,0.368887
confidence,plt,0.367463
abstractmethod,confidence,0.366747
plt,that,0.364265
confidence,itertools,0.364241
plt,param,0.360397
tag,confidence,0.358889
item_id,confidence,0.349205
param,itertools,0.348129
confidence,param,0.342196
_LIBSVM_H,plt,0.339652
model_name,itertools,0.329612
model_name,tag,0.327744
item_id,tag,0.311035
tag,_LIBSVM_H,0.310009
item_id,itertools,0.295794
model_name,plt,0.220949
item_id,plt,0.195438
